Index,Último,,,,,,,,,,,,,,,
1,19.48,,,,,,,,,,,,,,,
2,19.67,,,,,,,,,,,,,,,
3,19.93,,,,,,,,,,,,,,,
4,19.77,,,,,,,,,,,,,,,
5,20.34,,,,,,,,,,,,,,,
6,20.33,,,,,,,,,,,,,,,
7,21.4,,,,,,,,,,,,,,,
8,21.47,,,,,,,,,,,,,,,
9,21.43,,,,,,,,,,,,,,,
10,22.1,,,,,,,,,,,,,,,
11,22.53,,,,,,,,,,,,,,,
12,21.72,,,,,,,,,,,,,,,
13,21.4,,,,,,,,,,,,,,,
14,20.6,,,,,,,,,,,,,,,
15,20.7,,,,,,,,,,,,,,,
16,21.37,,,,,,,,,,,,,,,
17,21.44,,,,,,,,,,,,,,,
18,21.6,,,,,,,,,,,,,,,
19,21.47,,,,,,,,,,,,,,,
20,20.95,,,,,,,,,,,,,,,
21,21.65,,,,,,,,,,,,,,,
22,21,,,,,,,,,,,,,,,
23,21.47,,,,,,,,,,,,,,,
24,20.84,,,,,,,,,,,,,,,
25,21.66,,,,,,,,,,,,,,,
26,21.55,,,,,,,,,,,,,,,
27,21.71,,,,,,,,,,,,,,,
28,22.06,,,,,,,,,,,,,,,
29,21.98,,,,,,,,,,,,,,,
30,22.51,,,,,,,,,,,,,,,
31,22.23,,,,,,,,,,,,,,,
32,22.65,,,,,,,,,,,,,,,
33,22.14,,,,,,,,,,,,,,,
34,22.51,,,,,,,,,,,,,,,
35,22.16,,,,,,,,,,,,,,,
36,22.9,,,,,,,,,,,,,,,
37,23.34,,,,,,,,,,,,,,,
38,12.84,,,,,,,,,,,,,,,
39,12.85,,,,,,,,,,,,,,,
40,12.85,,,,,,,,,,,,,,,
41,13.2,,,,,,,,,,,,,,,
42,13.02,,,,,,,,,,,,,,,
43,12.75,,,,,,,,,,,,,,,
44,12.84,,,,,,,,,,,,,,,
45,13.11,,,,,,,,,,,,,,,
46,12.88,,,,,,,,,,,,,,,
47,13.09,,,,,,,,,,,,,,,
48,12.89,,,,,,,,,,,,,,,
49,12.54,,,,,,,,,,,,,,,
50,12.32,,,,,,,,,,,,,,,
51,12.31,,,,,,,,,,,,,,,
52,13.1,,,,,,,,,,,,,,,
53,13.12,,,,,,,,,,,,,,,
54,12.88,,,,,,,,,,,,,,,
55,13.25,,,,,,,,,,,,,,,
56,13.04,,,,,,,,,,,,,,,
57,13.27,,,,,,,,,,,,,,,
58,12.91,,,,,,,,,,,,,,,
59,12.81,,,,,,,,,,,,,,,
60,12.77,,,,,,,,,,,,,,,
61,13.01,,,,,,,,,,,,,,,
62,12.93,,,,,,,,,,,,,,,
63,12.84,,,,,,,,,,,,,,,
64,12.75,,,,,,,,,,,,,,,
65,12.98,,,,,,,,,,,,,,,
66,12.92,,,,,,,,,,,,,,,
67,12.55,,,,,,,,,,,,,,,
68,12.52,,,,,,,,,,,,,,,
69,12.74,,,,,,,,,,,,,,,
70,12.37,,,,,,,,,,,,,,,
71,12.92,,,,,,,,,,,,,,,
72,12.88,,,,,,,,,,,,,,,
73,12.93,,,,,,,,,,,,,,,
74,12.95,,,,,,,,,,,,,,,
75,12.58,,,,,,,,,,,,,,,
76,12.84,,,,,,,,,,,,,,,
77,12.5,,,,,,,,,,,,,,,
78,12.36,,,,,,,,,,,,,,,
79,12.25,,,,,,,,,,,,,,,
80,12.24,,,,,,,,,,,,,,,
81,12.28,,,,,,,,,,,,,,,
82,12.52,,,,,,,,,,,,,,,
83,12.23,,,,,,,,,,,,,,,
84,11.81,,,,,,,,,,,,,,,
85,11.75,,,,,,,,,,,,,,,
86,11.43,,,,,,,,,,,,,,,
87,11.53,,,,,,,,,,,,,,,
88,11.37,,,,,,,,,,,,,,,
89,11.09,,,,,,,,,,,,,,,
90,10.91,,,,,,,,,,,,,,,
91,11.08,,,,,,,,,,,,,,,
92,11.22,,,,,,,,,,,,,,,
93,10.75,,,,,,,,,,,,,,,
94,11.32,,,,,,,,,,,,,,,
95,11.26,,,,,,,,,,,,,,,
96,11.18,,,,,,,,,,,,,,,
97,11.55,,,,,,,,,,,,,,,
98,11.19,,,,,,,,,,,,,,,
99,11.37,,,,,,,,,,,,,,,
100,11.28,,,,,,,,,,,,,,,
101,11.16,,,,,,,,,,,,,,,
102,10.92,,,,,,,,,,,,,,,
103,11.03,,,,,,,,,,,,,,,
104,11.4,,,,,,,,,,,,,,,
105,11.39,,,,,,,,,,,,,,,
106,11.78,,,,,,,,,,,,,,,
107,11.62,,,,,,,,,,,,,,,
108,11.44,,,,,,,,,,,,,,,
109,11.23,,,,,,,,,,,,,,,
110,10.55,,,,,,,,,,,,,,,
111,10.9,,,,,,,,,,,,,,,
112,10.7,,,,,,,,,,,,,,,
113,11.1,,,,,,,,,,,,,,,
114,11.14,,,,,,,,,,,,,,,
115,11.24,,,,,,,,,,,,,,,
116,11.16,,,,,,,,,,,,,,,
117,12.21,,,,,,,,,,,,,,,
118,13.04,,,,,,,,,,,,,,,
119,12.93,,,,,,,,,,,,,,,
120,12.38,,,,,,,,,,,,,,,
121,12.79,,,,,,,,,,,,,,,
122,13.16,,,,,,,,,,,,,,,
123,13.39,,,,,,,,,,,,,,,
124,13.31,,,,,,,,,,,,,,,
125,13.46,,,,,,,,,,,,,,,
126,13.36,,,,,,,,,,,,,,,
127,14.18,,,,,,,,,,,,,,,
128,14.82,,,,,,,,,,,,,,,
129,14.83,,,,,,,,,,,,,,,
130,14.59,,,,,,,,,,,,,,,
131,14.41,,,,,,,,,,,,,,,
132,14.07,,,,,,,,,,,,,,,
133,14.46,,,,,,,,,,,,,,,
134,14.64,,,,,,,,,,,,,,,
135,15.05,,,,,,,,,,,,,,,
136,15.56,,,,,,,,,,,,,,,
137,15.26,,,,,,,,,,,,,,,
138,15.06,,,,,,,,,,,,,,,
139,15.22,,,,,,,,,,,,,,,
140,15.72,,,,,,,,,,,,,,,
141,15.58,,,,,,,,,,,,,,,
142,15.61,,,,,,,,,,,,,,,
143,15.74,,,,,,,,,,,,,,,
144,15.93,,,,,,,,,,,,,,,
145,15.96,,,,,,,,,,,,,,,
146,15.88,,,,,,,,,,,,,,,
147,15.27,,,,,,,,,,,,,,,
148,15.41,,,,,,,,,,,,,,,
149,15.79,,,,,,,,,,,,,,,
150,15.92,,,,,,,,,,,,,,,
151,15.97,,,,,,,,,,,,,,,
152,16.01,,,,,,,,,,,,,,,
153,16.34,,,,,,,,,,,,,,,
154,16.97,,,,,,,,,,,,,,,
155,16.99,,,,,,,,,,,,,,,
156,17.52,,,,,,,,,,,,,,,
157,17.58,,,,,,,,,,,,,,,
158,17.44,,,,,,,,,,,,,,,
159,17.31,,,,,,,,,,,,,,,
160,16.47,,,,,,,,,,,,,,,
161,16.64,,,,,,,,,,,,,,,
162,15.89,,,,,,,,,,,,,,,
163,15.86,,,,,,,,,,,,,,,
164,16.21,,,,,,,,,,,,,,,
165,15.94,,,,,,,,,,,,,,,
166,15.57,,,,,,,,,,,,,,,
167,15.31,,,,,,,,,,,,,,,
168,15.26,,,,,,,,,,,,,,,
169,15.47,,,,,,,,,,,,,,,
170,15.69,,,,,,,,,,,,,,,
171,15.08,,,,,,,,,,,,,,,
172,15.56,,,,,,,,,,,,,,,
173,16.19,,,,,,,,,,,,,,,
174,16.3,,,,,,,,,,,,,,,
175,16.28,,,,,,,,,,,,,,,
176,16.4,,,,,,,,,,,,,,,
177,15.88,,,,,,,,,,,,,,,
178,15.56,,,,,,,,,,,,,,,
179,15.71,,,,,,,,,,,,,,,
180,15.87,,,,,,,,,,,,,,,
181,16.07,,,,,,,,,,,,,,,
182,16.72,,,,,,,,,,,,,,,
183,16.54,,,,,,,,,,,,,,,
184,15.44,,,,,,,,,,,,,,,
185,12.12,,,,,,,,,,,,,,,
186,13.59,,,,,,,,,,,,,,,
187,13.79,,,,,,,,,,,,,,,
188,13.1,,,,,,,,,,,,,,,
189,12.57,,,,,,,,,,,,,,,
190,12.43,,,,,,,,,,,,,,,
191,12.43,,,,,,,,,,,,,,,
192,11.97,,,,,,,,,,,,,,,
193,12.55,,,,,,,,,,,,,,,
194,12.65,,,,,,,,,,,,,,,
195,11.92,,,,,,,,,,,,,,,
196,12.2,,,,,,,,,,,,,,,
197,12.62,,,,,,,,,,,,,,,
198,13.16,,,,,,,,,,,,,,,
199,13.09,,,,,,,,,,,,,,,
200,13.36,,,,,,,,,,,,,,,
201,13.15,,,,,,,,,,,,,,,
202,13.61,,,,,,,,,,,,,,,
203,13.13,,,,,,,,,,,,,,,
204,13.56,,,,,,,,,,,,,,,
205,13.29,,,,,,,,,,,,,,,
206,12.88,,,,,,,,,,,,,,,
207,12.89,,,,,,,,,,,,,,,
208,13.11,,,,,,,,,,,,,,,
209,13.26,,,,,,,,,,,,,,,
210,13.46,,,,,,,,,,,,,,,
211,13.46,,,,,,,,,,,,,,,
212,13.62,,,,,,,,,,,,,,,
213,13.5,,,,,,,,,,,,,,,
214,13.58,,,,,,,,,,,,,,,
215,13.57,,,,,,,,,,,,,,,
216,13.56,,,,,,,,,,,,,,,
217,13.39,,,,,,,,,,,,,,,
218,13.36,,,,,,,,,,,,,,,
219,13.5,,,,,,,,,,,,,,,
220,13.54,,,,,,,,,,,,,,,
221,13.76,,,,,,,,,,,,,,,
222,13.48,,,,,,,,,,,,,,,
223,13.4,,,,,,,,,,,,,,,
224,14.18,,,,,,,,,,,,,,,
225,13.91,,,,,,,,,,,,,,,
226,13.84,,,,,,,,,,,,,,,
227,13.83,,,,,,,,,,,,,,,
228,13.89,,,,,,,,,,,,,,,
229,13.49,,,,,,,,,,,,,,,
230,13.98,,,,,,,,,,,,,,,
231,13.79,,,,,,,,,,,,,,,
232,13.79,,,,,,,,,,,,,,,
233,13.68,,,,,,,,,,,,,,,
234,13.37,,,,,,,,,,,,,,,
235,13.91,,,,,,,,,,,,,,,
236,13.72,,,,,,,,,,,,,,,
237,14.24,,,,,,,,,,,,,,,
238,14.42,,,,,,,,,,,,,,,
239,14.69,,,,,,,,,,,,,,,
240,14.47,,,,,,,,,,,,,,,
241,14.59,,,,,,,,,,,,,,,
242,15.35,,,,,,,,,,,,,,,
243,15.57,,,,,,,,,,,,,,,
244,15.39,,,,,,,,,,,,,,,
245,15.27,,,,,,,,,,,,,,,
246,15.14,,,,,,,,,,,,,,,
247,15.15,,,,,,,,,,,,,,,
248,15.41,,,,,,,,,,,,,,,
249,15.09,,,,,,,,,,,,,,,
250,15.23,,,,,,,,,,,,,,,
251,15.13,,,,,,,,,,,,,,,
252,15.76,,,,,,,,,,,,,,,
253,15.69,,,,,,,,,,,,,,,
254,15.94,,,,,,,,,,,,,,,
255,16.38,,,,,,,,,,,,,,,
256,16.64,,,,,,,,,,,,,,,
257,16.52,,,,,,,,,,,,,,,
258,16.73,,,,,,,,,,,,,,,
259,16.73,,,,,,,,,,,,,,,
260,16.75,,,,,,,,,,,,,,,
261,16.68,,,,,,,,,,,,,,,
262,16.79,,,,,,,,,,,,,,,
263,16.95,,,,,,,,,,,,,,,
264,17.02,,,,,,,,,,,,,,,
265,16.43,,,,,,,,,,,,,,,
266,16.54,,,,,,,,,,,,,,,
267,16.9,,,,,,,,,,,,,,,
268,16.99,,,,,,,,,,,,,,,
269,17.11,,,,,,,,,,,,,,,
270,17.31,,,,,,,,,,,,,,,
271,16.99,,,,,,,,,,,,,,,
272,16.96,,,,,,,,,,,,,,,
273,17.04,,,,,,,,,,,,,,,
274,17.18,,,,,,,,,,,,,,,
275,16.97,,,,,,,,,,,,,,,
276,17.04,,,,,,,,,,,,,,,
277,16.85,,,,,,,,,,,,,,,
278,16.16,,,,,,,,,,,,,,,
279,16.38,,,,,,,,,,,,,,,
280,16.05,,,,,,,,,,,,,,,
281,16.19,,,,,,,,,,,,,,,
282,16.29,,,,,,,,,,,,,,,
283,16.16,,,,,,,,,,,,,,,
284,15.81,,,,,,,,,,,,,,,
285,15.58,,,,,,,,,,,,,,,
286,15.32,,,,,,,,,,,,,,,
287,15.53,,,,,,,,,,,,,,,
288,15.74,,,,,,,,,,,,,,,
289,15.71,,,,,,,,,,,,,,,
290,15.61,,,,,,,,,,,,,,,
291,16.04,,,,,,,,,,,,,,,
292,15.85,,,,,,,,,,,,,,,
293,16.18,,,,,,,,,,,,,,,
294,16.24,,,,,,,,,,,,,,,
295,15.71,,,,,,,,,,,,,,,
296,15.42,,,,,,,,,,,,,,,
297,15.68,,,,,,,,,,,,,,,
298,15.35,,,,,,,,,,,,,,,
299,16.55,,,,,,,,,,,,,,,
300,16.58,,,,,,,,,,,,,,,
301,16.46,,,,,,,,,,,,,,,
302,16.51,,,,,,,,,,,,,,,
303,16.74,,,,,,,,,,,,,,,
304,16.99,,,,,,,,,,,,,,,
305,17.14,,,,,,,,,,,,,,,
306,16.72,,,,,,,,,,,,,,,
307,16.72,,,,,,,,,,,,,,,
308,16.57,,,,,,,,,,,,,,,
309,16.48,,,,,,,,,,,,,,,
310,16.46,,,,,,,,,,,,,,,
311,16.72,,,,,,,,,,,,,,,
312,17.06,,,,,,,,,,,,,,,
313,17.16,,,,,,,,,,,,,,,
314,17.01,,,,,,,,,,,,,,,
315,17.63,,,,,,,,,,,,,,,
316,17.51,,,,,,,,,,,,,,,
317,16.82,,,,,,,,,,,,,,,
318,16.73,,,,,,,,,,,,,,,
319,16.46,,,,,,,,,,,,,,,
320,16.29,,,,,,,,,,,,,,,
321,16.37,,,,,,,,,,,,,,,
322,15.45,,,,,,,,,,,,,,,
323,15.78,,,,,,,,,,,,,,,
324,15.68,,,,,,,,,,,,,,,
325,16.23,,,,,,,,,,,,,,,
326,16.01,,,,,,,,,,,,,,,
327,16.29,,,,,,,,,,,,,,,
328,16.15,,,,,,,,,,,,,,,
329,15.42,,,,,,,,,,,,,,,
330,15.25,,,,,,,,,,,,,,,
331,15.6,,,,,,,,,,,,,,,
332,15.99,,,,,,,,,,,,,,,
333,16.61,,,,,,,,,,,,,,,
334,16.64,,,,,,,,,,,,,,,
335,16.79,,,,,,,,,,,,,,,
336,16.68,,,,,,,,,,,,,,,
337,16.95,,,,,,,,,,,,,,,
338,16.85,,,,,,,,,,,,,,,
339,17.32,,,,,,,,,,,,,,,
340,17.81,,,,,,,,,,,,,,,
341,18.2,,,,,,,,,,,,,,,
342,17.72,,,,,,,,,,,,,,,
343,17.69,,,,,,,,,,,,,,,
344,18.02,,,,,,,,,,,,,,,
345,18.14,,,,,,,,,,,,,,,
346,18.33,,,,,,,,,,,,,,,
347,18.36,,,,,,,,,,,,,,,
348,18.31,,,,,,,,,,,,,,,
349,18.22,,,,,,,,,,,,,,,
350,17.33,,,,,,,,,,,,,,,
351,17.58,,,,,,,,,,,,,,,
352,16.98,,,,,,,,,,,,,,,
353,16.82,,,,,,,,,,,,,,,
354,17.97,,,,,,,,,,,,,,,
355,17.79,,,,,,,,,,,,,,,
356,17.75,,,,,,,,,,,,,,,
357,17.92,,,,,,,,,,,,,,,
358,16.86,,,,,,,,,,,,,,,
359,17.32,,,,,,,,,,,,,,,
360,16.61,,,,,,,,,,,,,,,
361,16.09,,,,,,,,,,,,,,,
362,15.99,,,,,,,,,,,,,,,
363,16.16,,,,,,,,,,,,,,,
364,16.48,,,,,,,,,,,,,,,
365,16.35,,,,,,,,,,,,,,,
366,16.36,,,,,,,,,,,,,,,
367,16.7,,,,,,,,,,,,,,,
368,16.87,,,,,,,,,,,,,,,
369,16.44,,,,,,,,,,,,,,,
370,16.42,,,,,,,,,,,,,,,
371,16.15,,,,,,,,,,,,,,,
372,16.31,,,,,,,,,,,,,,,
373,17.2,,,,,,,,,,,,,,,
374,17.55,,,,,,,,,,,,,,,
375,18.33,,,,,,,,,,,,,,,
376,17.61,,,,,,,,,,,,,,,
377,18.23,,,,,,,,,,,,,,,
378,18.21,,,,,,,,,,,,,,,
379,18.31,,,,,,,,,,,,,,,
380,19.01,,,,,,,,,,,,,,,
381,19.28,,,,,,,,,,,,,,,
382,19.36,,,,,,,,,,,,,,,
383,19.68,,,,,,,,,,,,,,,
384,19.67,,,,,,,,,,,,,,,
385,19.63,,,,,,,,,,,,,,,
386,19.87,,,,,,,,,,,,,,,
387,19.75,,,,,,,,,,,,,,,
388,19.52,,,,,,,,,,,,,,,
389,19.64,,,,,,,,,,,,,,,
390,19.9,,,,,,,,,,,,,,,
391,19.43,,,,,,,,,,,,,,,
392,18.87,,,,,,,,,,,,,,,
393,18.9,,,,,,,,,,,,,,,
394,18.87,,,,,,,,,,,,,,,
395,18.99,,,,,,,,,,,,,,,
396,19.27,,,,,,,,,,,,,,,
397,19.29,,,,,,,,,,,,,,,
398,19.13,,,,,,,,,,,,,,,
399,19.07,,,,,,,,,,,,,,,
400,19.5,,,,,,,,,,,,,,,
401,19.57,,,,,,,,,,,,,,,
402,18.81,,,,,,,,,,,,,,,
403,18.8,,,,,,,,,,,,,,,
404,18.89,,,,,,,,,,,,,,,
405,18.77,,,,,,,,,,,,,,,
406,19.33,,,,,,,,,,,,,,,
407,19.92,,,,,,,,,,,,,,,
408,20.32,,,,,,,,,,,,,,,
409,21.08,,,,,,,,,,,,,,,
410,21.11,,,,,,,,,,,,,,,
411,21.21,,,,,,,,,,,,,,,
412,21.11,,,,,,,,,,,,,,,
413,21.26,,,,,,,,,,,,,,,
414,21.29,,,,,,,,,,,,,,,
415,21.41,,,,,,,,,,,,,,,
416,22.11,,,,,,,,,,,,,,,
417,22.7,,,,,,,,,,,,,,,
418,22.71,,,,,,,,,,,,,,,
419,21.81,,,,,,,,,,,,,,,
420,21.68,,,,,,,,,,,,,,,
421,22.12,,,,,,,,,,,,,,,
422,21.8,,,,,,,,,,,,,,,
423,21.49,,,,,,,,,,,,,,,
424,21.87,,,,,,,,,,,,,,,
425,21.55,,,,,,,,,,,,,,,
426,21.33,,,,,,,,,,,,,,,
427,21.41,,,,,,,,,,,,,,,
428,21.74,,,,,,,,,,,,,,,
429,22.63,,,,,,,,,,,,,,,
430,22.12,,,,,,,,,,,,,,,
431,21.77,,,,,,,,,,,,,,,
432,22.07,,,,,,,,,,,,,,,
433,21.98,,,,,,,,,,,,,,,
434,22.12,,,,,,,,,,,,,,,
435,22.69,,,,,,,,,,,,,,,
436,22.61,,,,,,,,,,,,,,,
437,22.94,,,,,,,,,,,,,,,
438,22.38,,,,,,,,,,,,,,,
439,22.79,,,,,,,,,,,,,,,
440,23.24,,,,,,,,,,,,,,,
441,22.95,,,,,,,,,,,,,,,
442,22.94,,,,,,,,,,,,,,,
443,21.31,,,,,,,,,,,,,,,
444,21.76,,,,,,,,,,,,,,,
445,21.82,,,,,,,,,,,,,,,
446,22.59,,,,,,,,,,,,,,,
447,21.78,,,,,,,,,,,,,,,
448,21.36,,,,,,,,,,,,,,,
449,20.84,,,,,,,,,,,,,,,
450,20.66,,,,,,,,,,,,,,,
451,20.11,,,,,,,,,,,,,,,
452,20.52,,,,,,,,,,,,,,,
453,21.29,,,,,,,,,,,,,,,
454,21.19,,,,,,,,,,,,,,,
455,21.48,,,,,,,,,,,,,,,
456,21.73,,,,,,,,,,,,,,,
457,21.65,,,,,,,,,,,,,,,
458,21.18,,,,,,,,,,,,,,,
459,21.65,,,,,,,,,,,,,,,
460,22.11,,,,,,,,,,,,,,,
461,22.42,,,,,,,,,,,,,,,
462,22.12,,,,,,,,,,,,,,,
463,21.92,,,,,,,,,,,,,,,
464,21.71,,,,,,,,,,,,,,,
465,21.69,,,,,,,,,,,,,,,
466,22.81,,,,,,,,,,,,,,,
467,22.93,,,,,,,,,,,,,,,
468,22.75,,,,,,,,,,,,,,,
469,22.69,,,,,,,,,,,,,,,
470,23.17,,,,,,,,,,,,,,,
471,22.85,,,,,,,,,,,,,,,
472,22.45,,,,,,,,,,,,,,,
473,23.13,,,,,,,,,,,,,,,
474,23.24,,,,,,,,,,,,,,,
475,22.33,,,,,,,,,,,,,,,
476,22,,,,,,,,,,,,,,,
477,21.97,,,,,,,,,,,,,,,
478,21.97,,,,,,,,,,,,,,,
479,22.11,,,,,,,,,,,,,,,
480,22.13,,,,,,,,,,,,,,,
481,21.91,,,,,,,,,,,,,,,
482,22.1,,,,,,,,,,,,,,,
483,23.43,,,,,,,,,,,,,,,
484,23.39,,,,,,,,,,,,,,,
485,24.16,,,,,,,,,,,,,,,
486,23.5,,,,,,,,,,,,,,,
487,23.7,,,,,,,,,,,,,,,
488,24.53,,,,,,,,,,,,,,,
489,24.72,,,,,,,,,,,,,,,
490,25.04,,,,,,,,,,,,,,,
491,25.29,,,,,,,,,,,,,,,
492,24.96,,,,,,,,,,,,,,,
493,24.55,,,,,,,,,,,,,,,
494,24.97,,,,,,,,,,,,,,,
495,25.45,,,,,,,,,,,,,,,
496,26.45,,,,,,,,,,,,,,,
497,25.73,,,,,,,,,,,,,,,
498,26.1,,,,,,,,,,,,,,,
499,26.16,,,,,,,,,,,,,,,
500,24.92,,,,,,,,,,,,,,,
501,24.42,,,,,,,,,,,,,,,
502,24.48,,,,,,,,,,,,,,,
503,24.44,,,,,,,,,,,,,,,
504,24.23,,,,,,,,,,,,,,,
505,24.66,,,,,,,,,,,,,,,
506,24.67,,,,,,,,,,,,,,,
507,24.97,,,,,,,,,,,,,,,
508,24.84,,,,,,,,,,,,,,,
509,24.49,,,,,,,,,,,,,,,
510,24.14,,,,,,,,,,,,,,,
511,23.83,,,,,,,,,,,,,,,
512,24.1,,,,,,,,,,,,,,,
513,23.68,,,,,,,,,,,,,,,
514,22.24,,,,,,,,,,,,,,,
515,22.49,,,,,,,,,,,,,,,
516,22.04,,,,,,,,,,,,,,,
517,21.98,,,,,,,,,,,,,,,
518,21.57,,,,,,,,,,,,,,,
519,21.41,,,,,,,,,,,,,,,
520,22.78,,,,,,,,,,,,,,,
521,23.07,,,,,,,,,,,,,,,
522,22.87,,,,,,,,,,,,,,,
523,22.74,,,,,,,,,,,,,,,
524,23.23,,,,,,,,,,,,,,,
525,23.73,,,,,,,,,,,,,,,
526,22.82,,,,,,,,,,,,,,,
527,22.53,,,,,,,,,,,,,,,
528,23.19,,,,,,,,,,,,,,,
529,23.45,,,,,,,,,,,,,,,
530,23.34,,,,,,,,,,,,,,,
531,22.99,,,,,,,,,,,,,,,
532,23,,,,,,,,,,,,,,,
533,22.38,,,,,,,,,,,,,,,
534,22.77,,,,,,,,,,,,,,,
535,23.29,,,,,,,,,,,,,,,
536,23.76,,,,,,,,,,,,,,,
537,23.75,,,,,,,,,,,,,,,
538,23.63,,,,,,,,,,,,,,,
539,23.88,,,,,,,,,,,,,,,
540,25,,,,,,,,,,,,,,,
541,25.25,,,,,,,,,,,,,,,
542,25.53,,,,,,,,,,,,,,,
543,26.29,,,,,,,,,,,,,,,
544,27.81,,,,,,,,,,,,,,,
545,27.43,,,,,,,,,,,,,,,
546,27.55,,,,,,,,,,,,,,,
547,27.59,,,,,,,,,,,,,,,
548,27.86,,,,,,,,,,,,,,,
549,28.39,,,,,,,,,,,,,,,
550,29.83,,,,,,,,,,,,,,,
551,30.32,,,,,,,,,,,,,,,
552,30.22,,,,,,,,,,,,,,,
553,29.52,,,,,,,,,,,,,,,
554,31.71,,,,,,,,,,,,,,,
555,31.72,,,,,,,,,,,,,,,
556,32.01,,,,,,,,,,,,,,,
557,32.76,,,,,,,,,,,,,,,
558,33.42,,,,,,,,,,,,,,,
559,31.73,,,,,,,,,,,,,,,
560,32.41,,,,,,,,,,,,,,,
561,33.44,,,,,,,,,,,,,,,
562,33.64,,,,,,,,,,,,,,,
563,33.28,,,,,,,,,,,,,,,
564,33.64,,,,,,,,,,,,,,,
565,34.48,,,,,,,,,,,,,,,
566,32.43,,,,,,,,,,,,,,,
567,33.23,,,,,,,,,,,,,,,
568,33.85,,,,,,,,,,,,,,,
569,33.42,,,,,,,,,,,,,,,
570,33.33,,,,,,,,,,,,,,,
571,32.1,,,,,,,,,,,,,,,
572,31.8,,,,,,,,,,,,,,,
573,31.79,,,,,,,,,,,,,,,
574,31.58,,,,,,,,,,,,,,,
575,30.65,,,,,,,,,,,,,,,
576,31.12,,,,,,,,,,,,,,,
577,31.06,,,,,,,,,,,,,,,
578,30.78,,,,,,,,,,,,,,,
579,31.27,,,,,,,,,,,,,,,
580,31.09,,,,,,,,,,,,,,,
581,31.17,,,,,,,,,,,,,,,
582,31.94,,,,,,,,,,,,,,,
583,29.94,,,,,,,,,,,,,,,
584,29.46,,,,,,,,,,,,,,,
585,29.67,,,,,,,,,,,,,,,
586,29.27,,,,,,,,,,,,,,,
587,29.31,,,,,,,,,,,,,,,
588,29.8,,,,,,,,,,,,,,,
589,32.18,,,,,,,,,,,,,,,
590,31.37,,,,,,,,,,,,,,,
591,32.55,,,,,,,,,,,,,,,
592,33.66,,,,,,,,,,,,,,,
593,33.63,,,,,,,,,,,,,,,
594,33.25,,,,,,,,,,,,,,,
595,33,,,,,,,,,,,,,,,
596,33.94,,,,,,,,,,,,,,,
597,33.42,,,,,,,,,,,,,,,
598,33.39,,,,,,,,,,,,,,,
599,34.21,,,,,,,,,,,,,,,
600,35.42,,,,,,,,,,,,,,,
601,36.47,,,,,,,,,,,,,,,
602,37.72,,,,,,,,,,,,,,,
603,34.25,,,,,,,,,,,,,,,
604,33.53,,,,,,,,,,,,,,,
605,32.71,,,,,,,,,,,,,,,
606,32.96,,,,,,,,,,,,,,,
607,32.57,,,,,,,,,,,,,,,
608,29.81,,,,,,,,,,,,,,,
609,29.86,,,,,,,,,,,,,,,
610,29.95,,,,,,,,,,,,,,,
611,28.3,,,,,,,,,,,,,,,
612,27.15,,,,,,,,,,,,,,,
613,27.35,,,,,,,,,,,,,,,
614,26.9,,,,,,,,,,,,,,,
615,26.12,,,,,,,,,,,,,,,
616,26.99,,,,,,,,,,,,,,,
617,27.7,,,,,,,,,,,,,,,
618,27.15,,,,,,,,,,,,,,,
619,27.16,,,,,,,,,,,,,,,
620,26.7,,,,,,,,,,,,,,,
621,23.43,,,,,,,,,,,,,,,
622,23.33,,,,,,,,,,,,,,,
623,23.44,,,,,,,,,,,,,,,
624,24.25,,,,,,,,,,,,,,,
625,23.86,,,,,,,,,,,,,,,
626,24.36,,,,,,,,,,,,,,,
627,25.38,,,,,,,,,,,,,,,
628,26.66,,,,,,,,,,,,,,,
629,25.59,,,,,,,,,,,,,,,
630,25.91,,,,,,,,,,,,,,,
631,25.62,,,,,,,,,,,,,,,
632,25.64,,,,,,,,,,,,,,,
633,25.35,,,,,,,,,,,,,,,
634,24.78,,,,,,,,,,,,,,,
635,24.71,,,,,,,,,,,,,,,
636,23.91,,,,,,,,,,,,,,,
637,23.32,,,,,,,,,,,,,,,
638,21.47,,,,,,,,,,,,,,,
639,22.04,,,,,,,,,,,,,,,
640,22.05,,,,,,,,,,,,,,,
641,22.38,,,,,,,,,,,,,,,
642,23.07,,,,,,,,,,,,,,,
643,23.57,,,,,,,,,,,,,,,
644,23.99,,,,,,,,,,,,,,,
645,25.12,,,,,,,,,,,,,,,
646,24.94,,,,,,,,,,,,,,,
647,25.11,,,,,,,,,,,,,,,
648,24.8,,,,,,,,,,,,,,,
649,24.5,,,,,,,,,,,,,,,
650,22.92,,,,,,,,,,,,,,,
651,22.34,,,,,,,,,,,,,,,
652,23.05,,,,,,,,,,,,,,,
653,23.88,,,,,,,,,,,,,,,
654,23.74,,,,,,,,,,,,,,,
655,23.87,,,,,,,,,,,,,,,
656,24.09,,,,,,,,,,,,,,,
657,24.28,,,,,,,,,,,,,,,
658,24.63,,,,,,,,,,,,,,,
659,24.57,,,,,,,,,,,,,,,
660,24.04,,,,,,,,,,,,,,,
661,25.52,,,,,,,,,,,,,,,
662,25.07,,,,,,,,,,,,,,,
663,25.83,,,,,,,,,,,,,,,
664,26.37,,,,,,,,,,,,,,,
665,26.79,,,,,,,,,,,,,,,
666,26.6,,,,,,,,,,,,,,,
667,26.94,,,,,,,,,,,,,,,
668,26.2,,,,,,,,,,,,,,,
669,25.62,,,,,,,,,,,,,,,
670,25.75,,,,,,,,,,,,,,,
671,26.07,,,,,,,,,,,,,,,
672,25.71,,,,,,,,,,,,,,,
673,24.52,,,,,,,,,,,,,,,
674,24.79,,,,,,,,,,,,,,,
675,25.78,,,,,,,,,,,,,,,
676,25.62,,,,,,,,,,,,,,,
677,26.05,,,,,,,,,,,,,,,
678,25.93,,,,,,,,,,,,,,,
679,26.72,,,,,,,,,,,,,,,
680,26.8,,,,,,,,,,,,,,,
681,26.7,,,,,,,,,,,,,,,
682,26.74,,,,,,,,,,,,,,,
683,26.85,,,,,,,,,,,,,,,
684,26.44,,,,,,,,,,,,,,,
685,25.76,,,,,,,,,,,,,,,
686,26.55,,,,,,,,,,,,,,,
687,25.97,,,,,,,,,,,,,,,
688,26.15,,,,,,,,,,,,,,,
689,25.24,,,,,,,,,,,,,,,
690,25.3,,,,,,,,,,,,,,,
691,24.64,,,,,,,,,,,,,,,
692,25.7,,,,,,,,,,,,,,,
693,25.96,,,,,,,,,,,,,,,
694,25.1,,,,,,,,,,,,,,,
695,25.42,,,,,,,,,,,,,,,
696,25.31,,,,,,,,,,,,,,,
697,24.98,,,,,,,,,,,,,,,
698,24.19,,,,,,,,,,,,,,,
699,23.76,,,,,,,,,,,,,,,
700,23.34,,,,,,,,,,,,,,,
701,23.26,,,,,,,,,,,,,,,
702,23.51,,,,,,,,,,,,,,,
703,22.93,,,,,,,,,,,,,,,
704,23.4,,,,,,,,,,,,,,,
705,23.33,,,,,,,,,,,,,,,
706,22.8,,,,,,,,,,,,,,,
707,22.79,,,,,,,,,,,,,,,
708,23.18,,,,,,,,,,,,,,,
709,23.59,,,,,,,,,,,,,,,
710,23.9,,,,,,,,,,,,,,,
711,23.97,,,,,,,,,,,,,,,
712,23.45,,,,,,,,,,,,,,,
713,24.49,,,,,,,,,,,,,,,
714,24.27,,,,,,,,,,,,,,,
715,24.35,,,,,,,,,,,,,,,
716,24,,,,,,,,,,,,,,,
717,24.51,,,,,,,,,,,,,,,
718,25.66,,,,,,,,,,,,,,,
719,25.85,,,,,,,,,,,,,,,
720,26.03,,,,,,,,,,,,,,,
721,26.3,,,,,,,,,,,,,,,
722,26.71,,,,,,,,,,,,,,,
723,27.39,,,,,,,,,,,,,,,
724,26.51,,,,,,,,,,,,,,,
725,26.69,,,,,,,,,,,,,,,
726,27.2,,,,,,,,,,,,,,,
727,27.09,,,,,,,,,,,,,,,
728,26.75,,,,,,,,,,,,,,,
729,26.1,,,,,,,,,,,,,,,
730,23.7,,,,,,,,,,,,,,,
731,22.74,,,,,,,,,,,,,,,
732,22.66,,,,,,,,,,,,,,,
733,23.02,,,,,,,,,,,,,,,
734,24,,,,,,,,,,,,,,,
735,24.09,,,,,,,,,,,,,,,
736,24.51,,,,,,,,,,,,,,,
737,24.59,,,,,,,,,,,,,,,
738,24.53,,,,,,,,,,,,,,,
739,25.43,,,,,,,,,,,,,,,
740,26.25,,,,,,,,,,,,,,,
741,25.66,,,,,,,,,,,,,,,
742,26.3,,,,,,,,,,,,,,,
743,25.66,,,,,,,,,,,,,,,
744,25.81,,,,,,,,,,,,,,,
745,25.92,,,,,,,,,,,,,,,
746,25.62,,,,,,,,,,,,,,,
747,26.25,,,,,,,,,,,,,,,
,,,,,,,,,,,,,,,,
,,,,,,,,,,,,,,,,
,,,,,,,,,,,,,,,,
,,,,,,,,,,,,,,,,
,,,,,,,,,,,,,,,,
,,,,,,,,,,,,,,,,
,,,,,,,,,,,,,,,,
,,,,,,,,,,,,,,,,
,,,,,,,,,,,,,,,,
,,,,,,,,,,,,,,,,
,,,,,,,,,,,,,,,,
,,,,,,,,,,,,,,,,
,,,,,,,,,,,,,,,,
,,,,,,,,,,,,,,,,
,,,,,,,,,,,,,,,,
,,,,,,,,,,,,,,,,249.3333333
